Language,Location (or type),Language ID,Language tag,Supported version
Afrikaans,,0x0036,af,Release 7
Afrikaans,South Africa,0x0436,af-ZA,Release B
Albanian,,0x001c,sq,Release 7
Albanian,Albania,0x041c,sq-AL,Release B
Alsatian,,0x0084,gsw,Release 7
Alsatian,France,0x0484,gsw-FR,Release V
Amharic,,0x005e,am,Release 7
Amharic,Ethiopia,0x045e,am-ET,Release V
Arabic,,0x0001,ar,Release 7
Arabic,Algeria,0x1401,ar-DZ,Release B
Arabic,Bahrain,0x3c01,ar-BH,Release B
Arabic,Egypt,0x0c01,ar-EG,Release B
Arabic,Iraq,0x0801,ar-IQ,Release B
Arabic,Jordan,0x2c01,ar-JO,Release B
Arabic,Kuwait,0x3401,ar-KW,Release B
Arabic,Lebanon,0x3001,ar-LB,Release B
Arabic,Libya,0x1001,ar-LY,Release B
Arabic,Morocco,0x1801,ar-MA,Release B
Arabic,Oman,0x2001,ar-OM,Release B
Arabic,Qatar,0x4001,ar-QA,Release B
Arabic,Saudi Arabia,0x0401,ar-SA,Release B
Arabic,Syria,0x2801,ar-SY,Release B
Arabic,Tunisia,0x1c01,ar-TN,Release B
Arabic,U.A.E.,0x3801,ar-AE,Release B
Arabic,Yemen,0x2401,ar-YE,Release B
Armenian,,0x002b,hy,Release 7
Armenian,Armenia,0x042b,hy-AM,Release C
Assamese,,0x004d,as,Release 7
Assamese,India,0x044d,as-IN,Release V
Azerbaijani (Cyrillic),,0x742c,az-Cyrl,Windows 7
Azerbaijani (Cyrillic),Azerbaijan,0x082c,az-Cyrl-AZ,Release C
Azerbaijani (Latin),,0x002c,az,Release 7
Azerbaijani (Latin),,0x782c,az-Latn,Windows 7
Azerbaijani (Latin),Azerbaijan,0x042c,az-Latn-AZ,Release C
Bangla,,0x0045,bn,Release 7
Bangla,Bangladesh,0x0845,bn-BD,Release V
Bangla,India,0x0445,bn-IN,Release E1
Bashkir,,0x006d,ba,Release 7
Bashkir,Russia,0x046d,ba-RU,Release V
Basque,,0x002d,eu,Release 7
Basque,Spain,0x042d,eu-ES,Release B
Belarusian,,0x0023,be,Release 7
Belarusian,Belarus,0x0423,be-BY,Release B
Bosnian (Cyrillic),,0x641a,bs-Cyrl,Windows 7
Bosnian (Cyrillic),Bosnia and Herzegovina,0x201a,bs-Cyrl-BA,Release E1
Bosnian (Latin),,0x681a,bs-Latn,Windows 7
Bosnian (Latin),,0x781a,bs,Release 7
Bosnian (Latin),Bosnia and Herzegovina,0x141a,bs-Latn-BA,Release E1
Breton,,0x007e,br,Release 7
Breton,France,0x047e,br-FR,Release V
Bulgarian,,0x0002,bg,Release 7
Bulgarian,Bulgaria,0x0402,bg-BG,Release B
Burmese,,0x0055,my,Release 8.1
Burmese,Myanmar,0x0455,my-MM,Release 8.1
Catalan,,0x0003,ca,Release 7
Catalan,Spain,0x0403,ca-ES,Release B
Central Kurdish,,0x0092,ku,Release 8
Central Kurdish,,0x7c92,ku-Arab,Release 8
Central Kurdish,Iraq,0x0492,ku-Arab-IQ,Release 8
Cherokee,,0x005c,chr,Release 8
Cherokee,,0x7c5c,chr-Cher,Release 8
Cherokee,United States,0x045c,chr-Cher-US,Release 8
Chinese (Simplified),,0x0004,zh-Hans,Release A
Chinese (Simplified),,0x7804,zh,Windows 7
Chinese (Simplified),People's Republic of China,0x0804,zh-CN,Release A
Chinese (Simplified),Singapore,0x1004,zh-SG,Release A
Chinese (Traditional),,0x7c04,zh-Hant,Release A
Chinese (Traditional),Hong Kong S.A.R.,0x0c04,zh-HK,Release A
Chinese (Traditional),Macao S.A.R.,0x1404,zh-MO,Release D
Chinese (Traditional),Taiwan,0x0404,zh-TW,Release A
Corsican,,0x0083,co,Release 7
Corsican,France,0x0483,co-FR,Release V
Croatian,,0x001a,bs hr or sr,Release 7
Croatian,Croatia,0x041a,hr-HR,Release A
Croatian (Latin),Bosnia and Herzegovina,0x101a,hr-BA,Release E1
Czech,,0x0005,cs,Release 7
Czech,Czech Republic,0x0405,cs-CZ,Release A
Danish,,0x0006,da,Release 7
Danish,Denmark,0x0406,da-DK,Release A
Dari,,0x008c,prs,Release 7
Dari,Afghanistan,0x048c,prs-AF,Release V
Divehi,,0x0065,dv,Release 7
Divehi,Maldives,0x0465,dv-MV,Release D
Dutch,,0x0013,nl,Release 7
Dutch,Belgium,0x0813,nl-BE,Release A
Dutch,Netherlands,0x0413,nl-NL,Release A
English,,0x0009,en,Release 7
English,Australia,0x0c09,en-AU,Release A
English,Belize,0x2809,en-BZ,Release B
English,Canada,0x1009,en-CA,Release A
English,Caribbean,0x2409,en-029,Release B
English,Hong Kong,0x3c09,en-HK,Release 8.1
English,India,0x4009,en-IN,Release V
English,Ireland,0x1809,en-IE,Release A
English,Jamaica,0x2009,en-JM,Release B
English,Malaysia,0x4409,en-MY,Release V
English,New Zealand,0x1409,en-NZ,Release A
English,Republic of the Philippines,0x3409,en-PH,Release C
English,Singapore,0x4809,en-SG,Release V
English,South Africa,0x1c09,en-ZA,Release B
English,Trinidad and Tobago,0x2c09,en-TT,Release B
English,United Kingdom,0x0809,en-GB,Release A
English,United States,0x0409,en-US,Release A
English,Zimbabwe,0x3009,en-ZW,Release C
Estonian,,0x0025,et,Release 7
Estonian,Estonia,0x0425,et-EE,Release B
Faroese,,0x0038,fo,Release 7
Faroese,Faroe Islands,0x0438,fo-FO,Release B
Filipino,,0x0064,fil,Release 7
Filipino,Philippines,0x0464,fil-PH,Release E2
Finnish,,0x000b,fi,Release 7
Finnish,Finland,0x040b,fi-FI,Release A
French,,0x000c,fr,Release 7
French,Belgium,0x080c,fr-BE,Release A
French,Cameroon,0x2c0c,fr-CM,Release 8.1
French,Canada,0x0c0c,fr-CA,Release A
French,Congo DRC,0x240c,fr-CD,Release 8.1
French,C?te d?Ivoire,0x300c,fr-CI,Release 8.1
French,France,0x040c,fr-FR,Release A
French,Haiti,0x3c0c,fr-HT,Release 8.1
French,Luxembourg,0x140c,fr-LU,Release A
French,Mali,0x340c,fr-ML,Release 8.1
French,Morocco,0x380c,fr-MA,Release 8.1
French,Principality of Monaco,0x180c,fr-MC,Release A
French,Reunion,0x200c,fr-RE,Release 8.1
French,Senegal,0x280c,fr-SN,Release 8.1
French,Switzerland,0x100c,fr-CH,Release A
Frisian,,0x0062,fy,Release 7
Frisian,Netherlands,0x0462,fy-NL,Release E2
Fulah,,0x0067,ff,Release 8
Fulah,,0x7c67,ff-Latn,Release 8
Fulah,Senegal,0x0867,ff-Latn-SN,Release 8
Galician,,0x0056,gl,Release 7
Galician,Spain,0x0456,gl-ES,Release D
Georgian,,0x0037,ka,Release 7
Georgian,Georgia,0x0437,ka-GE,Release C
German,,0x0007,de,Release 7
German,Austria,0x0c07,de-AT,Release A
German,Germany,0x0407,de-DE,Release A
German,Liechtenstein,0x1407,de-LI,Release B
German,Luxembourg,0x1007,de-LU,Release B
German,Switzerland,0x0807,de-CH,Release A
Greek,,0x0008,el,Release 7
Greek,Greece,0x0408,el-GR,Release A
Greenlandic,,0x006f,kl,Release 7
Greenlandic,Greenland,0x046f,kl-GL,Release V
Guarani,,0x0074,gn,Release 8.1
Guarani,Paraguay,0x0474,gn-PY,Release 8.1
Gujarati,,0x0047,gu,Release 7
Gujarati,India,0x0447,gu-IN,Release D
Hausa (Latin),,0x0068,ha,Release 7
Hausa (Latin),,0x7c68,ha-Latn,Windows 7
Hausa (Latin),Nigeria,0x0468,ha-Latn-NG,Release V
Hawaiian,,0x0075,haw,Release 8
Hawaiian,United States,0x0475,haw-US,Release 8
Hebrew,,0x000d,he,Release 7
Hebrew,Israel,0x040d,he-IL,Release B
Hindi,,0x0039,hi,Release 7
Hindi,India,0x0439,hi-IN,Release C
Hungarian,,0x000e,hu,Release 7
Hungarian,Hungary,0x040e,hu-HU,Release A
Icelandic,,0x000f,is,Release 7
Icelandic,Iceland,0x040f,is-IS,Release A
Igbo,,0x0070,ig,Release 7
Igbo,Nigeria,0x0470,ig-NG,Release V
Indonesian,,0x0021,id,Release 7
Indonesian,Indonesia,0x0421,id-ID,Release B
Inuktitut (Latin),,0x005d,iu,Release 7
Inuktitut (Latin),,0x7c5d,iu-Latn,Windows 7
Inuktitut (Latin),Canada,0x085d,iu-Latn-CA,Release E2
Inuktitut (Syllabics),,0x785d,iu-Cans,Windows 7
Inuktitut (Syllabics),Canada,0x045d,iu-Cans-CA,Release V
Irish,,0x003c,ga,Windows 7
Irish,Ireland,0x083c,ga-IE,Release E2
Italian,,0x0010,it,Release 7
Italian,Italy,0x0410,it-IT,Release A
Italian,Switzerland,0x0810,it-CH,Release A
Japanese,,0x0011,ja,Release 7
Japanese,Japan,0x0411,ja-JP,Release A
Javanese,,0x1000,jv,Release 8.1
Javanese,Latin,0x1000,jv-Latn,Release 8.1
Javanese,Latin Indonesia,0x1000,jv-Latn-ID,Release 8.1
K'iche,,0x0086,qut,Release 7
K'iche,Guatemala,0x0486,qut-GT,Release V
Kannada,,0x004b,kn,Release 7
Kannada,India,0x044b,kn-IN,Release D
Kazakh,,0x003f,kk,Release 7
Kazakh,Kazakhstan,0x043f,kk-KZ,Release C
Khmer,,0x0053,km,Release 7
Khmer,Cambodia,0x0453,km-KH,Release V
Kinyarwanda,,0x0087,rw,Release 7
Kinyarwanda,Rwanda,0x0487,rw-RW,Release V
Kiswahili,,0x0041,sw,Release 7
Kiswahili,Kenya,0x0441,sw-KE,Release C
Konkani,,0x0057,kok,Release 7
Konkani,India,0x0457,kok-IN,Release C
Korean,,0x0012,ko,Release 7
Korean,Korea,0x0412,ko-KR,Release A
Kyrgyz,,0x0040,ky,Release 7
Kyrgyz,Kyrgyzstan,0x0440,ky-KG,Release D
Lao,,0x0054,lo,Release 7
Lao,Lao P.D.R.,0x0454,lo-LA,Release V
Latvian,,0x0026,lv,Release 7
Latvian,Latvia,0x0426,lv-LV,Release B
Lithuanian,,0x0027,lt,Release 7
Lithuanian,Lithuania,0x0427,lt-LT,Release B
Lower Sorbian,,0x7c2e,dsb,Windows 7
Lower Sorbian,Germany,0x082e,dsb-DE,Release V
Luxembourgish,,0x006e,lb,Release 7
Luxembourgish,Luxembourg,0x046e,lb-LU,Release E2
Macedonian,,0x002f,mk,Release 7
Macedonian,Macedonia (Former Yugoslav Republic of Macedonia),0x042f,mk-MK,Release C
Malagasy,,0x1000,mg,Release 8.1
Malagasy,Madagascar,0x1000,mg-MG,Release 8.1
Malay,,0x003e,ms,Release 7
Malay,Brunei Darussalam,0x083e,ms-BN,Release C
Malay,Malaysia,0x043e,ms-MY,Release C
Malayalam,,0x004c,ml,Release 7
Malayalam,India,0x044c,ml-IN,Release E1
Maltese,,0x003a,mt,Release 7
Maltese,Malta,0x043a,mt-MT,Release E1
Maori,,0x0081,mi,Release 7
Maori,New Zealand,0x0481,mi-NZ,Release E1
Mapudungun,,0x007a,arn,Release 7
Mapudungun,Chile,0x047a,arn-CL,Release E2
Marathi,,0x004e,mr,Release 7
Marathi,India,0x044e,mr-IN,Release C
Mohawk,,0x007c,moh,Release 7
Mohawk,Canada,0x047c,moh-CA,Release E2
Mongolian (Cyrillic),,0x0050,mn,Release 7
Mongolian (Cyrillic),,0x7850,mn-Cyrl,Windows 7
Mongolian (Cyrillic),Mongolia,0x0450,mn-MN,Release D
Mongolian (Traditional Mongolian),,0x7c50,mn-Mong,Windows 7
Mongolian (Traditional Mongolian),People's Republic of China,0x0850,mn-Mong-CN,Release V
N?ko,,0x1000,nqo,Release 8.1
N?ko,Guinea,0x1000,nqo-GN,Release 8.1
Nepali,,0x0061,ne,Release 7
Nepali,India,0x0861,ne-IN,Release 8.1
Nepali,Nepal,0x0461,ne-NP,Release E2
Norwegian (Bokmal),,0x0014,no,Release 7
Norwegian (Bokmal),,0x7c14,nb,Release 7
Norwegian (Bokmal),Norway,0x0414,nb-NO,Release A
Norwegian (Nynorsk),,0x7814,nn,Release 7
Norwegian (Nynorsk),Norway,0x0814,nn-NO,Release A
Occitan,,0x0082,oc,Release 7
Occitan,France,0x0482,oc-FR,Release V
Odia,,0x0048,or,Release 7
Odia,India,0x0448,or-IN,Release V
Oromo,,0x0072,om,Release 8.1
Oromo,Ethiopia,0x0472,om-ET,Release 8.1
Pashto,,0x0063,ps,Release 7
Pashto,Afghanistan,0x0463,ps-AF,Release E2
Persian,,0x0029,fa,Release 7
Persian,Iran,0x0429,fa-IR,Release B
Polish,,0x0015,pl,Release 7
Polish,Poland,0x0415,pl-PL,Release A
Portuguese,,0x0016,pt,Release 7
Portuguese,Angola,0x1000,pt-AO,Release 8.1
Portuguese,Brazil,0x0416,pt-BR,Release A
Portuguese,Portugal,0x0816,pt-PT,Release A
Pseudo Language,Pseudo locale used for localization testing,0x0501,qps-ploc,Release 7
Pseudo Language,Pseudo locale for east Asian/complex script localization testing,0x05fe,qps-ploca,Release 7
Pseudo Language,Pseudo locale used for localization testing of mirrored,0x09ff,qps-plocm,Release 7
Punjabi,,0x0046,pa,Release 7
Punjabi,,0x7c46,pa-Arab,Release 8
Punjabi,India,0x0446,pa-IN,Release D
Punjabi,Islamic Republic of Pakistan,0x0846,pa-Arab-PK,Release 8
Quechua,,0x006b,quz,Release 7
Quechua,Bolivia,0x046b,quz-BO,Release E1
Quechua,Ecuador,0x086b,quz-EC,Release E1
Quechua,Peru,0x0c6b,quz-PE,Release E1
Romanian,,0x0018,ro,Release 7
Romanian,Moldova,0x0818,ro-MD,Release 8.1
Romanian,Romania,0x0418,ro-RO,Release A
Romansh,,0x0017,rm,Release 7
Romansh,Switzerland,0x0417,rm-CH,Release E2
Russian,,0x0019,ru,Release 7
Russian,Russia,0x0419,ru-RU,Release A
Sakha,,0x0085,sah,Release 7
Sakha,Russia,0x0485,sah-RU,Release V
Sami (Inari),,0x703b,smn,Windows 7
Sami (Inari),Finland,0x243b,smn-FI,Release E1
Sami (Lule),,0x7c3b,smj,Windows 7
Sami (Lule),Norway,0x103b,smj-NO,Release E1
Sami (Lule),Sweden,0x143b,smj-SE,Release E1
Sami (Northern),,0x003b,se,Release 7
Sami (Northern),Finland,0x0c3b,se-FI,Release E1
Sami (Northern),Norway,0x043b,se-NO,Release E1
Sami (Northern),Sweden,0x083b,se-SE,Release E1
Sami (Skolt),,0x743b,sms,Windows 7
Sami (Skolt),Finland,0x203b,sms-FI,Release E1
Sami (Southern),,0x783b,sma,Windows 7
Sami (Southern),Norway,0x183b,sma-NO,Release E1
Sami (Southern),Sweden,0x1c3b,sma-SE,Release E1
Sanskrit,,0x004f,sa,Release 7
Sanskrit,India,0x044f,sa-IN,Release C
Scottish Gaelic,,0x0091,gd,Windows 7
Scottish Gaelic,United Kingdom,0x0491,gd-GB,Release 7
Serbian (Cyrillic),,0x6c1a,sr-Cyrl,Windows 7
Serbian (Cyrillic),Bosnia and Herzegovina,0x1c1a,sr-Cyrl-BA,Release E1
Serbian (Cyrillic),Montenegro,0x301a,sr-Cyrl-ME,Release 7
Serbian (Cyrillic),Serbia,0x281a,sr-Cyrl-RS,Release 7
Serbian (Cyrillic),Serbia and Montenegro (Former),0x0c1a,sr-Cyrl-CS,Release B
Serbian (Latin),,0x701a,sr-Latn,Windows 7
Serbian (Latin),,0x7c1a,sr,Release 7
Serbian (Latin),Bosnia and Herzegovina,0x181a,sr-Latn-BA,Release E1
Serbian (Latin),Montenegro,0x2c1a,sr-Latn-ME,Release 7
Serbian (Latin),Serbia,0x241a,sr-Latn-RS,Release 7
Serbian (Latin),Serbia and Montenegro (Former),0x081a,sr-Latn-CS,Release B
Sesotho sa Leboa,,0x006c,nso,Release 7
Sesotho sa Leboa,South Africa,0x046c,nso-ZA,Release E1
Setswana,,0x0032,tn,Release 7
Setswana,Botswana,0x0832,tn-BW,Release 8
Setswana,South Africa,0x0432,tn-ZA,Release E1
Shona,,0x1000,sn,Release 8.1
Shona,Latin,0x1000,sn-Latn,Release 8.1
Shona,Zimbabwe,0x1000,sn-Latn-ZW,Release 8.1
Sindhi,,0x0059,sd,Release 8
Sindhi,,0x7c59,sd-Arab,Release 8
Sindhi,Islamic Republic of Pakistan,0x0859,sd-Arab-PK,Release 8
Sinhala,,0x005b,si,Release 7
Sinhala,Sri Lanka,0x045b,si-LK,Release V
Slovak,,0x001b,sk,Release 7
Slovak,Slovakia,0x041b,sk-SK,Release A
Slovenian,,0x0024,sl,Release 7
Slovenian,Slovenia,0x0424,sl-SI,Release A
Somali,,0x0077,so,Release 8.1
Somali,Somalia,0x0477,so-SO,Release 8.1
Sotho,,0x0030,st,Release 8.1
Sotho,South Africa,0x0430,st-ZA,Release 8.1
Spanish,,0x000a,es,Release 7
Spanish,Argentina,0x2c0a,es-AR,Release B
Spanish,Bolivarian Republic of Venezuela,0x200a,es-VE,Release B
Spanish,Bolivia,0x400a,es-BO,Release B
Spanish,Chile,0x340a,es-CL,Release B
Spanish,Colombia,0x240a,es-CO,Release B
Spanish,Costa Rica,0x140a,es-CR,Release B
Spanish,Dominican Republic,0x1c0a,es-DO,Release B
Spanish,Ecuador,0x300a,es-EC,Release B
Spanish,El Salvador,0x440a,es-SV,Release B
Spanish,Guatemala,0x100a,es-GT,Release B
Spanish,Honduras,0x480a,es-HN,Release B
Spanish,Latin America,0x580a,es-419,Release 8.1
Spanish,Mexico,0x080a,es-MX,Release A
Spanish,Nicaragua,0x4c0a,es-NI,Release B
Spanish,Panama,0x180a,es-PA,Release B
Spanish,Paraguay,0x3c0a,es-PY,Release B
Spanish,Peru,0x280a,es-PE,Release B
Spanish,Puerto Rico,0x500a,es-PR,Release B
Spanish,Spain,0x040a,es-ES_tradnl,Release A
Spanish,Spain,0x0c0a,es-ES,Release A
Spanish,United States,0x540a,es-US,Release V
Spanish,Uruguay,0x380a,es-UY,Release B
Standard Moroccan Tamazight,,0x1000,zgh,Release 8.1
Standard Moroccan Tamazight,Morocco,0x1000,zgh-Tfng-MA,Release 8.1
Standard Moroccan Tamazight,Tifinagh,0x1000,zgh-Tfng,Release 8.1
Swedish,,0x001d,sv,Release 7
Swedish,Finland,0x081d,sv-FI,Release B
Swedish,Sweden,0x041d,sv-SE,Release A
Syriac,,0x005a,syr,Release 7
Syriac,Syria,0x045a,syr-SY,Release D
Tajik (Cyrillic),,0x0028,tg,Release 7
Tajik (Cyrillic),,0x7c28,tg-Cyrl,Windows 7
Tajik (Cyrillic),Tajikistan,0x0428,tg-Cyrl-TJ,Release V
Tamazight (Latin),,0x005f,tzm,Release 7
Tamazight (Latin),,0x7c5f,tzm-Latn,Windows 7
Tamazight (Latin),Algeria,0x085f,tzm-Latn-DZ,Release V
Tamil,,0x0049,ta,Release 7
Tamil,India,0x0449,ta-IN,Release C
Tamil,Sri Lanka,0x0849,ta-LK,Release 8
Tatar,,0x0044,tt,Release 7
Tatar,Russia,0x0444,tt-RU,Release D
Telugu,,0x004a,te,Release 7
Telugu,India,0x044a,te-IN,Release D
Thai,,0x001e,th,Release 7
Thai,Thailand,0x041e,th-TH,Release B
Tibetan,,0x0051,bo,Release 7
Tibetan,People's Republic of China,0x0451,bo-CN,Release V
Tigrinya,,0x0073,ti,Release 8
Tigrinya,Eritrea,0x0873,ti-ER,Release 8
Tigrinya,Ethiopia,0x0473,ti-ET,Release 8
Tsonga,,0x0031,ts,Release 8.1
Tsonga,South Africa,0x0431,ts-ZA,Release 8.1
Turkish,,0x001f,tr,Release 7
Turkish,Turkey,0x041f,tr-TR,Release A
Turkmen,,0x0042,tk,Release 7
Turkmen,Turkmenistan,0x0442,tk-TM,Release V
Urdu,India,0x0820,ur-IN,Release 8.1
Ukrainian,,0x0022,uk,Release 7
Ukrainian,Ukraine,0x0422,uk-UA,Release B
Upper Sorbian,,0x002e,dsb or hsb,Release 7
Upper Sorbian,Germany,0x042e,hsb-DE,Release V
Urdu,,0x0020,ur,Release 7
Urdu,Islamic Republic of Pakistan,0x0420,ur-PK,Release C
Uyghur,,0x0080,ug,Release 7
Uyghur,People's Republic of China,0x0480,ug-CN,Release V
Uzbek (Cyrillic),,0x7843,uz-Cyrl,Windows 7
Uzbek (Cyrillic),Uzbekistan,0x0843,uz-Cyrl-UZ,Release C
Uzbek (Latin),,0x0043,uz,Release 7
Uzbek (Latin),,0x7c43,uz-Latn,Windows 7
Uzbek (Latin),Uzbekistan,0x0443,uz-Latn-UZ,Release C
Valencian,Spain,0x0803,ca-ES-valencia,Release 8
Vietnamese,,0x002a,vi,Release 7
Vietnamese,Vietnam,0x042a,vi-VN,Release B
Welsh,,0x0052,cy,Release 7
Welsh,United Kingdom,0x0452,cy-GB,Release E1
Wolof,,0x0088,wo,Release 7
Wolof,Senegal,0x0488,wo-SN,Release V
Yi,,0x0078,ii,Release 7
Yi,People's Republic of China,0x0478,ii-CN,Release V
Yoruba,,0x006a,yo,Release 7
Yoruba,Nigeria,0x046a,yo-NG,Release V
isiXhosa,,0x0034,xh,Release 7
isiXhosa,South Africa,0x0434,xh-ZA,Release E1
isiZulu,,0x0035,zu,Release 7
